01,100,0.0125,l,-73.3324188540,-70.3014715300,-71.8169451920,3.0309473240,0.922593141789,0.00134765519521
02,100,0.0125,r,-66.5948363191,-68.8128047861,-67.7038205526,2.2179684669,0.515405790692,0.00076320924407
03,100,0.0500,l,-75.2408545955,-85.3624515377,-80.3016530666,10.1215969423,0.590700735953,5.85957989591e-05
04,100,0.0500,r,-73.1914669247,-74.1234994071,-73.6574831659,0.9320324823,0.244821878658,3.86904447349e-05
05,100,0.2000,l,-67.5701026956,-69.3292085282,-68.4496556119,1.7591058325,0.104455101748,0.000138044769949
06,100,0.2000,r,-66.4052574649,-66.7319584260,-66.5686079455,0.3267009610,0.110360840443,9.24447281028e-05
07,250,0.0125,l,-70.4483466336,-65.2726354324,-67.8604910330,5.1757112012,0.383412559687,0.00035672377887
08,250,0.0125,r,-62.5516111982,-82.6452106103,-72.5984109043,20.0935994121,2.80748307194,0.000297888332041
09,250,0.0500,l,-75.1043910862,-67.0474367072,-71.0759138967,8.0569543790,0.617199351723,0.000334152212096
10,250,0.0500,r,-62.0195589707,-61.4552416939,-61.7374003323,0.5643172768,0.0268344040009,0.000303290996548
11,250,0.2000,l,-67.0607473105,-62.1633742691,-64.6120607898,4.8973730415,0.0357243923576,0.000280173034253
12,250,0.2000,r,-58.5353737159,-55.1313244768,-56.8333490963,3.4040492391,0.00948423674812,0.000289886462882
13,315,0.0125,l,-63.4460992803,-77.7975538235,-70.6218265519,14.3514545432,0.612019525423,0.00222477197697
14,315,0.0125,r,-76.7179942665,-69.0479508854,-72.8829725759,7.6700433811,0.545286070143,0.00218447581179
15,315,0.0500,l,-70.3685666790,-72.1308695338,-71.2497181064,1.7623028548,0.0821574724839,0.00228635524178
16,315,0.0500,r,-52.9168446207,-57.8891724183,-55.4030085195,4.9723277977,0.0151897928873,0.00223941194294
17,315,0.2000,l,-58.2517326742,-58.2866623755,-58.2691975249,0.0349297013,0.0232543059001,0.00244213946537
18,315,0.2000,r,-57.6061943423,-51.3612999772,-54.4837471597,6.2448943651,0.0186526424788,0.0024816769438
19,500,0.0125,l,-72.8144803306,-81.2216306634,-77.0180554970,8.4071503329,0.537474320508,0.000371365923508
20,500,0.0125,r,-80.9696622764,-81.0603806654,-81.0150214709,0.0907183889,0.473506147778,0.000161471324847
21,500,0.0500,l,-72.9964431542,-71.9552634440,-72.4758532991,1.0411797102,0.0670200114318,5.10483135873e-05
22,500,0.0500,r,-67.3165688850,-67.5815997180,-67.4490843015,0.2650308330,0.0490589111284,5.32718684432e-05
23,500,0.2000,l,-56.4335864622,-56.2784797785,-56.3560331203,0.1551066838,0.0121421336145,4.43111645952e-05
24,500,0.2000,r,-57.6744503536,-57.6359470595,-57.6551987066,0.0385032941,0.00811979643356,4.75320183907e-05
25,630,0.0125,l,-87.8593588513,-78.7843999861,-83.3218794187,9.0749588652,0.417313774116,0.000646924540388
26,630,0.0125,r,-87.5075873358,-86.9105721945,-87.2090797651,0.5970151413,0.490392147745,0.00027507317905
27,630,0.0500,l,-73.4444068274,-74.1239717347,-73.7841892810,0.6795649073,0.0296396106014,8.9133170839e-05
28,630,0.0500,r,-64.0641751343,-64.4499864082,-64.2570807713,0.3858112738,0.00612046056595,4.81202079705e-05
29,630,0.2000,l,-57.6894231089,-57.6288467785,-57.6591349437,0.0605763304,0.0199593956707,3.87772473828e-05
30,630,0.2000,r,-55.3862168117,-55.3679125812,-55.3770646964,0.0183042305,0.0135978166604,5.96547005779e-05
31,1000,0.0125,l,-83.5467250141,-97.9781534506,-90.7624392324,14.4314284366,1.84824812736,0.000182870523389
32,1000,0.0125,r,-95.6111580379,-91.6504531731,-93.6308056055,3.9607048648,1.24567188181,7.64968895105e-05
33,1000,0.0500,l,-70.6916348114,-71.0780386049,-70.8848367082,0.3864037935,0.024107994465,4.72417779047e-05
34,1000,0.0500,r,-65.8423323731,-66.0601948933,-65.9512636332,0.2178625202,0.0160336790345,3.64040521985e-05
35,1000,0.2000,l,-60.4093168875,-60.8763471457,-60.6428320166,0.4670302582,0.0284280658709,1.91906006157e-05
36,1000,0.2000,r,-62.7091433420,-63.1502314833,-62.9296874126,0.4410881412,0.0285020165377,2.25123649807e-05
37,1250,0.0125,l,-90.0528029914,-82.4423526318,-86.2475778116,7.6104503596,1.80022498976,0.000174219708037
38,1250,0.0125,r,-85.9360294264,-93.9713628265,-89.9536961264,8.0353334000,2.96370473736,9.79553187104e-05
39,1250,0.0500,l,-58.7920462084,-65.3981361517,-62.0950911800,6.6060899433,0.00978629400199,5.0030472828e-05
40,1250,0.0500,r,-61.4195080842,-64.5276751820,-62.9735916331,3.1081670978,0.00774213861482,2.17155328944e-05
41,1250,0.2000,l,-56.8628836199,-52.1967675935,-54.5298256067,4.6661160264,0.00639818122696,2.31254111428e-05
42,1250,0.2000,r,-58.9640242437,-52.8481921553,-55.9061081995,6.1158320884,0.0138899081606,2.07470086456e-05
43,1600,0.0125,l,-80.0602843245,-80.3761060290,-80.2181951768,0.3158217045,0.515166128813,0.000126658589878
44,1600,0.0125,r,-86.5100457549,-86.8400866063,-86.6750661806,0.3300408514,0.534571947206,8.10950555467e-05
45,1600,0.0500,l,-59.5613005033,-63.3965179996,-61.4789092514,3.8352174963,0.012173337224,6.86067892522e-05
46,1600,0.0500,r,-62.5723401675,-60.8909680610,-61.7316541142,1.6813721065,0.0110903583374,6.34171321514e-05
47,1600,0.2000,l,-56.8231439506,-52.2664690341,-54.5448064923,4.5566749165,0.0101650690357,4.13150143227e-05
48,1600,0.2000,r,-59.5988178036,-55.3750667727,-57.4869422881,4.2237510309,0.00774096850293,3.5491648669e-05
49,2000,0.0125,l,-82.1329908819,-86.1093367204,-84.1211638011,3.9763458385,1.49024028103,0.000102475142423
50,2000,0.0125,r,-90.7416012990,-89.3496982338,-90.0456497664,1.3919030652,1.39347938553,4.64936855149e-05
51,2000,0.0500,l,-60.8004379929,-60.6823490331,-60.7413935130,0.1180889598,0.00809474017796,6.51285627717e-05
52,2000,0.0500,r,-52.9318917630,-54.2084945129,-53.5701931379,1.2766027499,0.00321314838714,6.09770486458e-05
53,2000,0.2000,l,-51.2214472924,-51.2519638395,-51.2367055660,0.0305165471,0.00173945677296,3.49862218788e-05
54,2000,0.2000,r,-49.9118649216,-49.9885494371,-49.9502071794,0.0766845155,0.00557990018376,3.07227440069e-05
55,2500,0.0125,l,-84.1287645191,-83.8226042624,-83.9756843907,0.3061602568,0.672966826275,0.000143744938434
56,2500,0.0125,r,-89.1000033860,-87.6406101498,-88.3703067679,1.4593932362,0.977163122329,6.62501517593e-05
57,2500,0.0500,l,-61.0542136198,-60.9106564789,-60.9824350493,0.1435571408,0.0062846244298,3.46742746738e-05
58,2500,0.0500,r,-57.5993055780,-57.1876922562,-57.3934989171,0.4116133218,0.00449038409603,3.4613096979e-05
59,2500,0.2000,l,-51.3598148239,-51.6657262794,-51.5127705517,0.3059114556,0.00138921608149,2.53137739802e-05
60,2500,0.2000,r,-55.3074241912,-55.7278942882,-55.5176592397,0.4204700970,0.00170873914904,1.97935157685e-05
61,4000,0.0125,l,-91.6272209540,-86.1782245785,-88.9027227663,5.4489963755,1.03498076897,0.000126083005666
62,4000,0.0125,r,-99.5418794652,-96.4272598240,-97.9845696446,3.1146196411,0.801506206106,6.12967002293e-05
63,4000,0.0500,l,-63.9231935716,-64.0788482309,-64.0010209013,0.1556546593,0.00724125552106,0.000135829603628
64,4000,0.0500,r,-50.9942519163,-50.9683095806,-50.9812807484,0.0259423357,0.00149261264754,0.000132994868853
65,4000,0.2000,l,-56.1382459497,-56.4299679352,-56.2841069425,0.2917219855,0.00116738808975,7.65295678097e-05
66,4000,0.2000,r,-51.5845496481,-52.0290418014,-51.8067957247,0.4444921533,0.00116985994035,7.47111021579e-05
67,6300,0.0125,l,-91.8046865103,-91.5229926643,-91.6638395873,0.2816938459,0.522231694233,0.000113571621143
68,6300,0.0125,r,-91.6302162952,-91.1803080440,-91.4052621696,0.4499082512,0.461879620895,0.000116394237595
69,6300,0.0500,l,-54.4503096763,-54.3130705185,-54.3816900974,0.1372391578,0.00209455273555,6.25379456577e-06
70,6300,0.0500,r,-52.1064690399,-52.6177710113,-52.3621200256,0.5113019715,0.00130144830448,4.77918723197e-06
71,6300,0.2000,l,-52.7002638719,-53.3194657895,-53.0098648307,0.6192019176,0.00088536529501,5.53180168054e-06
72,6300,0.2000,r,-49.9340504938,-50.6709803029,-50.3025153983,0.7369298091,0.00100987123912,2.34753677812e-06
