type	bytes	path	sha256
dir	207205066	/home/geoca/Documents/SP11-PROJECT/02-kernel/candidates/cpsv3-csren0-bisect-a1-20260817/initrd-bind-tree	-
dir	207205066	/home/geoca/Documents/SP11-PROJECT/02-kernel/candidates/cpsv3-csren0-bisect-a1-20260817/initrd-bind-verify	-
file	146326295	/home/geoca/Documents/SP11-PROJECT/02-kernel/candidates/cpsv3-csren0-bisect-a1-20260817/initrd.img-7.1.5-sp11-cps-v3+-a1	293925c5b60846962bd68c32b6b5115449ebed2def9ebff03d6503c5a5239111
file	146348628	/home/geoca/Documents/SP11-PROJECT/02-kernel/candidates/cpsv3-csren0-bisect-a1-20260817/initrd.img-7.1.5-sp11-cps-v3+-a1-bind	67fa9dccbed6fe7325b18983311301bef5040da432a8b90f78f2347a6e1d7371
dir	207032434	/home/geoca/Documents/SP11-PROJECT/02-kernel/candidates/cpsv3-csren0-bisect-a1-20260817/initrd-orig	-
dir	207187783	/home/geoca/Documents/SP11-PROJECT/02-kernel/candidates/cpsv3-csren0-bisect-a1-20260817/initrd-tree	-
dir	207187783	/home/geoca/Documents/SP11-PROJECT/02-kernel/candidates/cpsv3-csren0-bisect-a1-20260817/initrd-verify	-
file	668113	/home/geoca/Documents/SP11-PROJECT/02-kernel/candidates/cpsv3-csren0-bisect-a1-20260817/snd-soc-wsa884x.a1.explicit.ko	a671ca64833a055bdddbcd113f7b9f87b0f69d74d7363cadef2af4812021a7f6
file	668113	/home/geoca/Documents/SP11-PROJECT/02-kernel/candidates/cpsv3-csren0-bisect-a1-20260817/snd-soc-wsa884x.a1.ko	a671ca64833a055bdddbcd113f7b9f87b0f69d74d7363cadef2af4812021a7f6
file	172099	/home/geoca/Documents/SP11-PROJECT/02-kernel/candidates/cpsv3-csren0-bisect-a1-20260817/snd-soc-wsa884x.a1.ko.zst	dbf5b4f843df831699c4c4244566eb796238362abc098e2512d66dbd48b5d109
file	668113	/home/geoca/Documents/SP11-PROJECT/02-kernel/candidates/cpsv3-csren0-bisect-a1-20260817/snd-soc-wsa884x.a1.unsigned.ko	06ec801ccf5c20bb0953f1ffa1e5ee3c57d58f0986f0fb8367f372c1437af8ac
file	16750	/home/geoca/Documents/SP11-PROJECT/02-kernel/candidates/cpsv3-csren0-bisect-a1-20260817/snd-soc-wsa884x.base-initrd.ko.zst	ccc9a4d1a3e0cc34e4761a0b4ddaebbbc152b822bb4f579dd512374e9fe4251e
dir	207032434	/home/geoca/Documents/SP11-PROJECT/02-kernel/candidates/cpsv3-dp2-offset2-bisect-b1-20260817/initrd-base	-
file	146497969	/home/geoca/Documents/SP11-PROJECT/02-kernel/candidates/cpsv3-dp2-offset2-bisect-b1-20260817/initrd.img-7.1.5-sp11-cps-v3+-b1	1ac4d5efd4b7b4e858531c45045fc0c1c66476c4a050296f9baa6b3c51435193
dir	207618272	/home/geoca/Documents/SP11-PROJECT/02-kernel/candidates/cpsv3-dp2-offset2-bisect-b1-20260817/initrd-tree	-
dir	207618272	/home/geoca/Documents/SP11-PROJECT/02-kernel/candidates/cpsv3-dp2-offset2-bisect-b1-20260817/initrd-verify	-
file	668233	/home/geoca/Documents/SP11-PROJECT/02-kernel/candidates/cpsv3-dp2-offset2-bisect-b1-20260817/snd-soc-wsa884x-b1a1.ko	6b2670ea445a485fe0794a5870b30440151bd84e430e5e82c039d3fb776c8768
file	668273	/home/geoca/Documents/SP11-PROJECT/02-kernel/candidates/cpsv3-dp2-offset2-bisect-b1-20260817/snd-soc-wsa884x-b1ctrl.ko	663f018c75719e9f74bcbb990286ea73ca82fdc1f06578ea268d772fd1fca505
file	3080497	/home/geoca/Documents/SP11-PROJECT/02-kernel/candidates/cpsv3-dp2-offset2-bisect-b1-20260817/soundwire-bus.b1.ko	323cd5d218e2e0772f71f1d0f65650416dee0704c6858a62b692d0323153c835
file	51702	/home/geoca/Documents/SP11-PROJECT/02-kernel/candidates/cpsv3-dp2-offset2-bisect-b1-20260817/soundwire-bus.base-initrd.ko.zst	1bf8f5f185910fc73600574d212c0bb707180bbb26fa991b7cab60927c846770
file	704417	/home/geoca/Documents/SP11-PROJECT/02-kernel/candidates/fresh-oracle-producer-ab-20260815/snd-soc-lpass-wsa-macro-halfdb-off.ko	8e612fac32979fba2f027f5dd8cb9f49bf8488d9dc7e4f989fdc25bd9f7a0d75
file	162234	/home/geoca/Documents/SP11-PROJECT/02-kernel/candidates/fresh-oracle-producer-ab-20260815/snd-soc-lpass-wsa-macro-halfdb-off.ko.zst	da72d2b63fec7807893fb974ea1143c044714b5d24ec21153e432ef5ea6cf862
file	450385	/home/geoca/Documents/SP11-PROJECT/02-kernel/candidates/fresh-oracle-producer-ab-20260815/snd-soc-x1e80100-gain0db.ko	3e9b6f09a0f341f18677e5272de92c5129c998fd591e36f68528f711959d7b7d
file	119066	/home/geoca/Documents/SP11-PROJECT/02-kernel/candidates/fresh-oracle-producer-ab-20260815/snd-soc-x1e80100-gain0db.ko.zst	3d24e52addf86d3285e3cab6370ace01ce9ed914eb1bc26521ab5d987187956e
file	542732	/home/geoca/Documents/SP11-PROJECT/02-kernel/candidates/golden-v30-mute-dp1-dp3-20260818/initrd-golden-tree.sha256	e15d15436b1faab873e8b8c0a4b51f2681494439d74a3215690941fa7ca4391b
file	147431918	/home/geoca/Documents/SP11-PROJECT/02-kernel/candidates/golden-v30-mute-dp1-dp3-20260818/initrd.img-7.1.5-sp11-render-parity-v4+-v30	51e17bd4952d785ef511b925f8835a415d7243ff95a7dcb97670e0879d5f0944
file	0	/home/geoca/Documents/SP11-PROJECT/02-kernel/candidates/golden-v30-mute-dp1-dp3-20260818/initrd-roundtrip.diff	e3b0c44298fc1c149afbf4c8996fb92427ae41e4649b934ca495991b7852b855
dir	208313057	/home/geoca/Documents/SP11-PROJECT/02-kernel/candidates/golden-v30-mute-dp1-dp3-20260818/initrd-tree	-
dir	208313057	/home/geoca/Documents/SP11-PROJECT/02-kernel/candidates/golden-v30-mute-dp1-dp3-20260818/initrd-verify	-
file	147393350	/home/geoca/Documents/SP11-PROJECT/02-kernel/candidates/golden-v31-ckv-delta-20260818/initrd.img-7.1.5-sp11-render-parity-v4+-v31	7bf757419e4451fb0967ae535eae8d73416b0793c975a4505738a475ed66c608
file	0	/home/geoca/Documents/SP11-PROJECT/02-kernel/candidates/golden-v31-ckv-delta-20260818/initrd-links.diff	e3b0c44298fc1c149afbf4c8996fb92427ae41e4649b934ca495991b7852b855
file	0	/home/geoca/Documents/SP11-PROJECT/02-kernel/candidates/golden-v31-ckv-delta-20260818/initrd-non-q6apm.diff	e3b0c44298fc1c149afbf4c8996fb92427ae41e4649b934ca495991b7852b855
dir	208314069	/home/geoca/Documents/SP11-PROJECT/02-kernel/candidates/golden-v31-ckv-delta-20260818/initrd-tree	-
dir	208314069	/home/geoca/Documents/SP11-PROJECT/02-kernel/candidates/golden-v31-ckv-delta-20260818/initrd-verify	-
file	157506607	/home/geoca/Documents/SP11-PROJECT/02-kernel/candidates/rpv4-macro0db-oracle-20260816/initrd.img-7.1.5-sp11-render-parity-v4+	cf02f9ea2374b226352e448ae51f1ab33c6fa3bfc83cff1c6eb3d69446e21cd7
dir	207106491	/home/geoca/Documents/SP11-PROJECT/02-kernel/candidates/rpv4-macro0db-oracle-20260816/initrd-unpack	-
file	450265	/home/geoca/Documents/SP11-PROJECT/02-kernel/candidates/rpv4-macro0db-oracle-20260816/rebuilt-v4-unsigned.ko	78b75860f67c3b3f39979f09b685c82a569b4696dfefa47bf9ccd9894f27a538
file	16577	/home/geoca/Documents/SP11-PROJECT/02-kernel/candidates/rpv4-macro0db-oracle-20260816/snd-soc-x1e80100.rpv4-macro0db.ko	8b378954a58cdb49e7ecad1dab92286e37a4ffb79fb8ffaaa6abb51ce6954185
file	4569	/home/geoca/Documents/SP11-PROJECT/02-kernel/candidates/rpv4-macro0db-oracle-20260816/snd-soc-x1e80100.rpv4-macro0db.ko.zst	077a6e3f08c864c13f8b4864d0262e8c60018c18cea033323bc16903a12e0610
file	15856	/home/geoca/Documents/SP11-PROJECT/02-kernel/candidates/rpv4-macro0db-oracle-20260816/snd-soc-x1e80100.rpv4-macro0db.unsigned.ko	d788aac66078c9a33241b76b64cd40d2e2173b137441c394d14d982d3a8bab7a
file	16577	/home/geoca/Documents/SP11-PROJECT/02-kernel/candidates/rpv4-macro0db-oracle-20260816/snd-soc-x1e80100.v4.baseline.ko	f8f0a6aec413a79f9a39a356ed747ec36adae583596c930bc0ac3f5537833a01
file	15856	/home/geoca/Documents/SP11-PROJECT/02-kernel/candidates/rpv4-macro0db-oracle-20260816/snd-soc-x1e80100.v4.unsigned-current.ko	acd842337a917452b33ddff06d7881507681e3b792ba40cdc28e447aa2265505
file	157647724	/home/geoca/Documents/SP11-PROJECT/02-kernel/candidates/rpv4-macro84-halfdb0-oracle-20260816/initrd.force-x1e.img-7.1.5-sp11-render-parity-v4+	e7daea94497f0becfb08f0a77c5fdb8d1dc942efa93828bc2bd63bd31ccc962c
file	157647063	/home/geoca/Documents/SP11-PROJECT/02-kernel/candidates/rpv4-macro84-halfdb0-oracle-20260816/initrd.img-7.1.5-sp11-render-parity-v4+	7e75893a3b5f26683d3f91f97f8f313e75d76e9a82ced79a541f2aafe450a98f
file	703881	/home/geoca/Documents/SP11-PROJECT/02-kernel/candidates/rpv4-macro84-halfdb0-oracle-20260816/snd-soc-lpass-wsa-macro.rpv4-halfdb0.ko	5b0efbc3387e7f7f271444ec1c7fb4d967ad276ffb84b1695bf81cc718b26a7c
file	162340	/home/geoca/Documents/SP11-PROJECT/02-kernel/candidates/rpv4-macro84-halfdb0-oracle-20260816/snd-soc-lpass-wsa-macro.rpv4-halfdb0.ko.zst	6a80edf2bdc0591c349c8f50748a397f1fb2a18b675f60c6fe8721159817ef39
file	703160	/home/geoca/Documents/SP11-PROJECT/02-kernel/candidates/rpv4-macro84-halfdb0-oracle-20260816/snd-soc-lpass-wsa-macro.rpv4-halfdb0.unsigned.ko	7de1fa1844124bfb726efc517174d4a8da5a3c07025049019d195258895f10de
file	157643293	/home/geoca/Documents/SP11-PROJECT/02-kernel/candidates/rpv4-macro84-vbatbcl-v1-20260816/initrd.img-7.1.5-sp11-render-parity-v4+	99f1d5a466edb7dc48734430126bbf1a9e14e8fab2adce0e6a209c3399e9e47c
dir	207250688	/home/geoca/Documents/SP11-PROJECT/02-kernel/candidates/rpv4-macro84-vbatbcl-v1-20260816/initrd-verify	-
file	21203	/home/geoca/Documents/SP11-PROJECT/02-kernel/candidates/rpv4-macro84-vbatbcl-v1-20260816/root-wsa-before-mkinitramfs.ko.zst	70dd3204ee9db0825a35d977858587ca236de062d67d1257217d876e5fb2ee7e
file	5109	/home/geoca/Documents/SP11-PROJECT/02-kernel/candidates/rpv4-macro84-vbatbcl-v1-20260816/root-x1e-before-mkinitramfs.ko.zst	e85159e8c1a6514c99f37364219211c296db6a84e4594cfb22179148c6538bd7
file	714369	/home/geoca/Documents/SP11-PROJECT/02-kernel/candidates/rpv4-macro84-vbatbcl-v1-20260816/snd-soc-lpass-wsa-macro.vbatbcl-v1.ko	8e9bcc438db44ba871d9efaecc52d3c614e56f99c6ee6fc3e947622aa646b1f6
file	165128	/home/geoca/Documents/SP11-PROJECT/02-kernel/candidates/rpv4-macro84-vbatbcl-v1-20260816/snd-soc-lpass-wsa-macro.vbatbcl-v1.ko.zst	b8880bf8f024c999c1083a45cd093ac3f37e61d6209f997eeff7eecbea0783c1
file	714369	/home/geoca/Documents/SP11-PROJECT/02-kernel/candidates/rpv4-macro84-vbatbcl-v1-20260816/snd-soc-lpass-wsa-macro.vbatbcl-v1.unsigned.ko	8e9bcc438db44ba871d9efaecc52d3c614e56f99c6ee6fc3e947622aa646b1f6
file	157640366	/home/geoca/Documents/SP11-PROJECT/02-kernel/candidates/rpv4-macro84-wincomp-primaryhalf0-v2-20260816/initrd.img-7.1.5-sp11-render-parity-v4+	ff0fdfc472c2b9af99ed4f50924f8072ee996c035026a1eb5ed8844ad1f0dbb2
file	21203	/home/geoca/Documents/SP11-PROJECT/02-kernel/candidates/rpv4-macro84-wincomp-primaryhalf0-v2-20260816/root-wsa-before-mkinitramfs.ko.zst	70dd3204ee9db0825a35d977858587ca236de062d67d1257217d876e5fb2ee7e
file	5109	/home/geoca/Documents/SP11-PROJECT/02-kernel/candidates/rpv4-macro84-wincomp-primaryhalf0-v2-20260816/root-x1e-before-mkinitramfs.ko.zst	e85159e8c1a6514c99f37364219211c296db6a84e4594cfb22179148c6538bd7
file	703865	/home/geoca/Documents/SP11-PROJECT/02-kernel/candidates/rpv4-macro84-wincomp-primaryhalf0-v2-20260816/snd-soc-lpass-wsa-macro.wincomp-primaryhalf0-v2.ko	9549e16d8990f4b672b56fcf322bf5aa68129dfed508a9533194015b7feb5124
file	162269	/home/geoca/Documents/SP11-PROJECT/02-kernel/candidates/rpv4-macro84-wincomp-primaryhalf0-v2-20260816/snd-soc-lpass-wsa-macro.wincomp-primaryhalf0-v2.ko.zst	5d3887b13096e360ca443413f7aba9fb6947af677c6db3025d8814c356ddf0e5
file	157640198	/home/geoca/Documents/SP11-PROJECT/02-kernel/candidates/rpv4-macro84-wincomp-v1-20260816/initrd.img-7.1.5-sp11-render-parity-v4+	f35bbd908a6aacec313eff29328f007aa4657ee1dc5077f302232771e6f9d68d
dir	120463269	/home/geoca/Documents/SP11-PROJECT/02-kernel/candidates/rpv4-macro84-wincomp-v1-20260816/initrd-unpack	-
file	21203	/home/geoca/Documents/SP11-PROJECT/02-kernel/candidates/rpv4-macro84-wincomp-v1-20260816/root-wsa-before-final-mkinitramfs.ko.zst	70dd3204ee9db0825a35d977858587ca236de062d67d1257217d876e5fb2ee7e
file	21203	/home/geoca/Documents/SP11-PROJECT/02-kernel/candidates/rpv4-macro84-wincomp-v1-20260816/root-wsa-before-mkinitramfs.ko.zst	70dd3204ee9db0825a35d977858587ca236de062d67d1257217d876e5fb2ee7e
file	5109	/home/geoca/Documents/SP11-PROJECT/02-kernel/candidates/rpv4-macro84-wincomp-v1-20260816/root-x1e-before-final-mkinitramfs.ko.zst	e85159e8c1a6514c99f37364219211c296db6a84e4594cfb22179148c6538bd7
file	703865	/home/geoca/Documents/SP11-PROJECT/02-kernel/candidates/rpv4-macro84-wincomp-v1-20260816/snd-soc-lpass-wsa-macro.wincomp-v1.ko	8cd68adc96256e30250e0842d6868533fa36c70f2f12bfb24fb33cb47e921e3a
file	162296	/home/geoca/Documents/SP11-PROJECT/02-kernel/candidates/rpv4-macro84-wincomp-v1-20260816/snd-soc-lpass-wsa-macro.wincomp-v1.ko.zst	61a13176a38cce8d2fd20b1d1a48a90e8b502e39f790abc15fd5b5b61973eeb2
file	703865	/home/geoca/Documents/SP11-PROJECT/02-kernel/candidates/rpv4-macro84-wincomp-v1-20260816/snd-soc-lpass-wsa-macro.wincomp-v1.unsigned.ko	8cd68adc96256e30250e0842d6868533fa36c70f2f12bfb24fb33cb47e921e3a
file	157643240	/home/geoca/Documents/SP11-PROJECT/02-kernel/candidates/rpv4-macro84-winproducer-init-v2-20260816/initrd.img-7.1.5-sp11-render-parity-v4+	ecf6d1224cd43b675a28abf2da367ce4cffedada9813d3dc4d1c1c6b4db1efb2
dir	207250679	/home/geoca/Documents/SP11-PROJECT/02-kernel/candidates/rpv4-macro84-winproducer-init-v2-20260816/initrd-verify	-
file	21203	/home/geoca/Documents/SP11-PROJECT/02-kernel/candidates/rpv4-macro84-winproducer-init-v2-20260816/root-wsa-before.ko.zst	70dd3204ee9db0825a35d977858587ca236de062d67d1257217d876e5fb2ee7e
file	5109	/home/geoca/Documents/SP11-PROJECT/02-kernel/candidates/rpv4-macro84-winproducer-init-v2-20260816/root-x1e-before.ko.zst	e85159e8c1a6514c99f37364219211c296db6a84e4594cfb22179148c6538bd7
file	714369	/home/geoca/Documents/SP11-PROJECT/02-kernel/candidates/rpv4-macro84-winproducer-init-v2-20260816/snd-soc-lpass-wsa-macro.winproducer-init-v2.ko	3e33557fe23c82bc4dd605de02232127d36fc26bfabe378bc0e9106436320547
file	165119	/home/geoca/Documents/SP11-PROJECT/02-kernel/candidates/rpv4-macro84-winproducer-init-v2-20260816/snd-soc-lpass-wsa-macro.winproducer-init-v2.ko.zst	8ad8cfdb15ac6741c44d94ee59f6254e48cb30904ab42c962a8fb11ab1cd4604
file	157798126	/home/geoca/Documents/SP11-PROJECT/02-kernel/candidates/rpv4-macro84-winproducer-nohd2-csren0-v4-20260816/initrd.img-7.1.5-sp11-render-parity-v4+	b1b959cd7d29ab39bcf2726fa585abc25931ff3fc7cc387875d38d7ecb0a2e0c
dir	207405642	/home/geoca/Documents/SP11-PROJECT/02-kernel/candidates/rpv4-macro84-winproducer-nohd2-csren0-v4-20260816/initrd-verify	-
file	17280	/home/geoca/Documents/SP11-PROJECT/02-kernel/candidates/rpv4-macro84-winproducer-nohd2-csren0-v4-20260816/root-amp-before.ko.zst	b24414525afa2da99695d69084afe26baa118092790fabde47020be084385b32
file	21203	/home/geoca/Documents/SP11-PROJECT/02-kernel/candidates/rpv4-macro84-winproducer-nohd2-csren0-v4-20260816/root-macro-before.ko.zst	70dd3204ee9db0825a35d977858587ca236de062d67d1257217d876e5fb2ee7e
file	5109	/home/geoca/Documents/SP11-PROJECT/02-kernel/candidates/rpv4-macro84-winproducer-nohd2-csren0-v4-20260816/root-x1e-before.ko.zst	e85159e8c1a6514c99f37364219211c296db6a84e4594cfb22179148c6538bd7
file	672513	/home/geoca/Documents/SP11-PROJECT/02-kernel/candidates/rpv4-macro84-winproducer-nohd2-csren0-v4-20260816/snd-soc-wsa884x.csren0-v4.ko	d0452d99c8bb8e1442b1e40b28e4ecce51087f2a65f407418819105534013c15
file	172765	/home/geoca/Documents/SP11-PROJECT/02-kernel/candidates/rpv4-macro84-winproducer-nohd2-csren0-v4-20260816/snd-soc-wsa884x.csren0-v4.ko.zst	feea9384643d37e041d86d63f84ca814d7f06a6e72036a5254cf5a8d8d646e76
file	671792	/home/geoca/Documents/SP11-PROJECT/02-kernel/candidates/rpv4-macro84-winproducer-nohd2-csren0-v5-idlegated-20260816/snd-soc-wsa884x.csren0-v5-idlegated.ko	3a76597b38fd9346e6a274d4e3c6a2fa00f8ebf015234e2d40896e2b96804f0b
file	172765	/home/geoca/Documents/SP11-PROJECT/02-kernel/candidates/rpv4-macro84-winproducer-nohd2-csren0-v5-idlegated-20260816/snd-soc-wsa884x.csren0-v5-idlegated.ko.zst	feea9384643d37e041d86d63f84ca814d7f06a6e72036a5254cf5a8d8d646e76
file	17280	/home/geoca/Documents/SP11-PROJECT/02-kernel/candidates/rpv4-macro84-winproducer-nohd2-csrgain0-v6-idlegated-20260816/root-wsa884x-before.ko.zst	b24414525afa2da99695d69084afe26baa118092790fabde47020be084385b32
file	672360	/home/geoca/Documents/SP11-PROJECT/02-kernel/candidates/rpv4-macro84-winproducer-nohd2-csrgain0-v6-idlegated-20260816/snd-soc-wsa884x.csrgain0-v6.ko	26da95d4e68f2e8374fba6367785eb05c4ef5dc25288df80cca1b532484096f8
file	172141	/home/geoca/Documents/SP11-PROJECT/02-kernel/candidates/rpv4-macro84-winproducer-nohd2-csrgain0-v6-idlegated-20260816/snd-soc-wsa884x.csrgain0-v6.ko.zst	c00e2b0e28d9c2991bef4f9793ab2621c60cd50c7e725b02ef3d7c4aa2863246
file	157806078	/home/geoca/Documents/SP11-PROJECT/02-kernel/candidates/rpv4-macro84-winproducer-nohd2-csr-never-on-v9-idlegated-20260816/initrd.img-7.1.5-sp11-render-parity-v4+	a52a6e23ca5640d24214bbf6d3457966862380bb9a05f46bdc277caa5d156407
file	672657	/home/geoca/Documents/SP11-PROJECT/02-kernel/candidates/rpv4-macro84-winproducer-nohd2-csr-never-on-v9-idlegated-20260816/snd-soc-wsa884x.csr-never-on-v9.ko	b92e8651936a42c8372b27fe17c503231e21ad722d3d85827f99882bfc9206d5
file	172774	/home/geoca/Documents/SP11-PROJECT/02-kernel/candidates/rpv4-macro84-winproducer-nohd2-csr-never-on-v9-idlegated-20260816/snd-soc-wsa884x.csr-never-on-v9.ko.zst	e62879ff54dd9274badfa57c6a34a1a4beb4d4a9770f35aaef830ac6595a09d2
file	157806019	/home/geoca/Documents/SP11-PROJECT/02-kernel/candidates/rpv4-macro84-winproducer-nohd2-dre0-init-v10-idlegated-20260816/initrd.img-7.1.5-sp11-render-parity-v4+	2f3d185153c776f2923ec21016513f434acae8a8b8747400146de38806a8b1df
file	672617	/home/geoca/Documents/SP11-PROJECT/02-kernel/candidates/rpv4-macro84-winproducer-nohd2-dre0-init-v10-idlegated-20260816/snd-soc-wsa884x.dre0-init-v10.ko	58bdd2308ba84fd92a4ebd27f72129b3a8fe6a22d1107e450c47de62f0f5df2f
file	172758	/home/geoca/Documents/SP11-PROJECT/02-kernel/candidates/rpv4-macro84-winproducer-nohd2-dre0-init-v10-idlegated-20260816/snd-soc-wsa884x.dre0-init-v10.ko.zst	e28ea64da6d332edf9af95eeb071f991c286de0bd8b6952112f6b9fad1fdad81
file	157806032	/home/geoca/Documents/SP11-PROJECT/02-kernel/candidates/rpv4-macro84-winproducer-nohd2-dre1-explicit-init-v11-idlegated-20260817/initrd.img-7.1.5-sp11-render-parity-v4+	fc6fd80d88b7b154c3390e8d041e225147a2dde0de3962f80f1e9a63df2a8a2a
file	672617	/home/geoca/Documents/SP11-PROJECT/02-kernel/candidates/rpv4-macro84-winproducer-nohd2-dre1-explicit-init-v11-idlegated-20260817/snd-soc-wsa884x.dre1-explicit-init-v11.ko	7669d8b0f09e0bce504a8687a8800abe54060ba7cc96fed43d2030abd535644c
file	172760	/home/geoca/Documents/SP11-PROJECT/02-kernel/candidates/rpv4-macro84-winproducer-nohd2-dre1-explicit-init-v11-idlegated-20260817/snd-soc-wsa884x.dre1-explicit-init-v11.ko.zst	79914446b64bc15521d87646e43bdcdb8acecfae1b59e075fc16dd932e6ebfa0
file	157805957	/home/geoca/Documents/SP11-PROJECT/02-kernel/candidates/rpv4-macro84-winproducer-nohd2-drecold-v8-idlegated-20260816/initrd.img-7.1.5-sp11-render-parity-v4+	2c36b5f0eb91135c89a27fa9f0fbb43b4ad986b1ff55a452f53a06c670fb5ab4
file	672561	/home/geoca/Documents/SP11-PROJECT/02-kernel/candidates/rpv4-macro84-winproducer-nohd2-drecold-v8-idlegated-20260816/snd-soc-wsa884x.drecold-v8.ko	2266681914cc1aface687345f81103509f78f777006427bdd68d70e208d8837b
file	172687	/home/geoca/Documents/SP11-PROJECT/02-kernel/candidates/rpv4-macro84-winproducer-nohd2-drecold-v8-idlegated-20260816/snd-soc-wsa884x.drecold-v8.ko.zst	3665795bb59112a6d0444b9cd21d416961047a010db0806e8c855f5f1607e357
file	157806052	/home/geoca/Documents/SP11-PROJECT/02-kernel/candidates/rpv4-macro84-winproducer-nohd2-ilim44-init-v12-idlegated-20260817/initrd.img-7.1.5-sp11-render-parity-v4+	82adff4b813146a60a65ce20b25cc831e2f699bcbf2a26ef99ad8a596046e84e
file	672513	/home/geoca/Documents/SP11-PROJECT/02-kernel/candidates/rpv4-macro84-winproducer-nohd2-ilim44-init-v12-idlegated-20260817/snd-soc-wsa884x.ilim44-init-v12.ko	d0452d99c8bb8e1442b1e40b28e4ecce51087f2a65f407418819105534013c15
file	172765	/home/geoca/Documents/SP11-PROJECT/02-kernel/candidates/rpv4-macro84-winproducer-nohd2-ilim44-init-v12-idlegated-20260817/snd-soc-wsa884x.ilim44-init-v12.ko.zst	feea9384643d37e041d86d63f84ca814d7f06a6e72036a5254cf5a8d8d646e76
file	157805989	/home/geoca/Documents/SP11-PROJECT/02-kernel/candidates/rpv4-macro84-winproducer-nohd2-ilim44-init-v12r-idlegated-20260817/initrd.img-7.1.5-sp11-render-parity-v4+	77cbdcddaf4a8f3e284d531a1bed487bcc2ddae5ae251f794602aa1a08a57474
file	672617	/home/geoca/Documents/SP11-PROJECT/02-kernel/candidates/rpv4-macro84-winproducer-nohd2-ilim44-init-v12r-idlegated-20260817/snd-soc-wsa884x.ilim44-init-v12r.ko	e388b627a80b277055199ff6d9389b401b1379a30701fdf983b383e35e2ab708
file	172765	/home/geoca/Documents/SP11-PROJECT/02-kernel/candidates/rpv4-macro84-winproducer-nohd2-ilim44-init-v12r-idlegated-20260817/snd-soc-wsa884x.ilim44-init-v12r.ko.zst	ecb7f3814b70ab0d66660b0841a2cbf8bc6197d4bd786473647285079b76a423
file	671896	/home/geoca/Documents/SP11-PROJECT/02-kernel/candidates/rpv4-macro84-winproducer-nohd2-ilim44-init-v12r-idlegated-20260817/snd-soc-wsa884x.ilim44-init-v12r.unsigned.ko	bda9d1f71dc9b5298dca10dd919c58ce0ae40bab31328c98c1e26a75c842b967
file	208242688	/home/geoca/Documents/SP11-PROJECT/02-kernel/candidates/rpv4-macro84-winproducer-nohd2-rx-mux-lifecycle-v25-idlegated-20260817/initrd.img-7.1.5-sp11-render-parity-v4+	bdff6f6640d5e63fc59f740691af16f1b1a25ff316fe4d091b5ce8b7572242b3
file	716705	/home/geoca/Documents/SP11-PROJECT/02-kernel/candidates/rpv4-macro84-winproducer-nohd2-rx-mux-lifecycle-v25-idlegated-20260817/snd-soc-lpass-wsa-macro.v25.ko	31a0359f4350f097a3f944a89dfafb1873ab1b0763f0c3bb8c50746c6340f6f4
file	165462	/home/geoca/Documents/SP11-PROJECT/02-kernel/candidates/rpv4-macro84-winproducer-nohd2-rx-mux-lifecycle-v25-idlegated-20260817/snd-soc-lpass-wsa-macro.v25.ko.zst	114cc12583b95f413eb67238a7c784a4c04120ddd319b9ec3a0090668f2347fd
file	715984	/home/geoca/Documents/SP11-PROJECT/02-kernel/candidates/rpv4-macro84-winproducer-nohd2-rx-mux-lifecycle-v25-idlegated-20260817/snd-soc-lpass-wsa-macro.v25.unsigned.ko	35146ba817452c7486e3642c4843c5afe9ac363dce823f766c05405030d08c2a
file	157642716	/home/geoca/Documents/SP11-PROJECT/02-kernel/candidates/rpv4-macro84-winproducer-nohd2-v3-20260816/initrd.img-7.1.5-sp11-render-parity-v4+	7668ed49f0adc558a2647a7de1e8bf11296edff874eeec7650b5ae5ad2fcb935
dir	207250157	/home/geoca/Documents/SP11-PROJECT/02-kernel/candidates/rpv4-macro84-winproducer-nohd2-v3-20260816/initrd-verify	-
file	21203	/home/geoca/Documents/SP11-PROJECT/02-kernel/candidates/rpv4-macro84-winproducer-nohd2-v3-20260816/root-wsa-before.ko.zst	70dd3204ee9db0825a35d977858587ca236de062d67d1257217d876e5fb2ee7e
file	5109	/home/geoca/Documents/SP11-PROJECT/02-kernel/candidates/rpv4-macro84-winproducer-nohd2-v3-20260816/root-x1e-before.ko.zst	e85159e8c1a6514c99f37364219211c296db6a84e4594cfb22179148c6538bd7
file	711241	/home/geoca/Documents/SP11-PROJECT/02-kernel/candidates/rpv4-macro84-winproducer-nohd2-v3-20260816/snd-soc-lpass-wsa-macro.winproducer-nohd2-v3.ko	2ce0bfaf653137b7fe5dba119281132d0d9403223139db7cb1a0925afca655f6
file	164597	/home/geoca/Documents/SP11-PROJECT/02-kernel/candidates/rpv4-macro84-winproducer-nohd2-v3-20260816/snd-soc-lpass-wsa-macro.winproducer-nohd2-v3.ko.zst	05d19a94c21b5a7683922e024f714877d744b588cf59c1152ea694f401e4b530
file	208241664	/home/geoca/Documents/SP11-PROJECT/02-kernel/candidates/rpv4-macro84-winproducer-nohd2-vi-dai-lifecycle-v24-idlegated-20260817/initrd.img-7.1.5-sp11-render-parity-v4+	61a204f819955c57c27d00617bb66285c4c5604f8e8b9569aad3d1de475b746e
file	712985	/home/geoca/Documents/SP11-PROJECT/02-kernel/candidates/rpv4-macro84-winproducer-nohd2-vi-dai-lifecycle-v24-idlegated-20260817/snd-soc-lpass-wsa-macro.v24.ko	fee923da90395afc9e402181facb22251c5e9a6702425d8a1d2639e96e19b576
file	164660	/home/geoca/Documents/SP11-PROJECT/02-kernel/candidates/rpv4-macro84-winproducer-nohd2-vi-dai-lifecycle-v24-idlegated-20260817/snd-soc-lpass-wsa-macro.v24.ko.zst	94ac5af95f7728ba9c453123dc4f9fda03daac6562374a1140437769d7079c74
file	712264	/home/geoca/Documents/SP11-PROJECT/02-kernel/candidates/rpv4-macro84-winproducer-nohd2-vi-dai-lifecycle-v24-idlegated-20260817/snd-soc-lpass-wsa-macro.v24.unsigned.ko	d1679cb3683511cbb89ef4402e584f65ca7d962a49dbc80d332059c5b74d6855
file	208241664	/home/geoca/Documents/SP11-PROJECT/02-kernel/candidates/rpv4-macro84-winproducer-nohd2-vi-protection-route-v23-idlegated-20260817/initrd.img-7.1.5-sp11-render-parity-v4+	437f3a1555c6b2f114c1b3d23a0778d65193b044c0d9099d87a0159c8271479e
file	711529	/home/geoca/Documents/SP11-PROJECT/02-kernel/candidates/rpv4-macro84-winproducer-nohd2-vi-protection-route-v23-idlegated-20260817/snd-soc-lpass-wsa-macro.v23.ko	43f66d4f3371769e747ccbd76467e00831bd610beb006c05edf01271ec8032ca
file	164596	/home/geoca/Documents/SP11-PROJECT/02-kernel/candidates/rpv4-macro84-winproducer-nohd2-vi-protection-route-v23-idlegated-20260817/snd-soc-lpass-wsa-macro.v23.ko.zst	14537c6786cd8a36fc4f8db1e7be9eb0adb515d746bc1661b8aef70bb373a25c
file	710808	/home/geoca/Documents/SP11-PROJECT/02-kernel/candidates/rpv4-macro84-winproducer-nohd2-vi-protection-route-v23-idlegated-20260817/snd-soc-lpass-wsa-macro.v23.unsigned.ko	27c807dd233152f1b6dd2d32ad051d7f9653b022b87bac379d81da4a1a413037
file	157806488	/home/geoca/Documents/SP11-PROJECT/02-kernel/candidates/rpv4-macro84-winproducer-nohd2-win-analog-tail-pdmwd-latched-v14-idlegated-20260817/initrd.img-7.1.5-sp11-render-parity-v4+	b26832176d4297c3df0455b3fe32a2725fff41789f450f5c782727a6bb99bbfc
file	675137	/home/geoca/Documents/SP11-PROJECT/02-kernel/candidates/rpv4-macro84-winproducer-nohd2-win-analog-tail-pdmwd-latched-v14-idlegated-20260817/snd-soc-wsa884x.v14.ko	bb5304e5fb1486dc40e5ff094a5dafe2be930605186acb668e2be426880dc1bf
file	173265	/home/geoca/Documents/SP11-PROJECT/02-kernel/candidates/rpv4-macro84-winproducer-nohd2-win-analog-tail-pdmwd-latched-v14-idlegated-20260817/snd-soc-wsa884x.v14.ko.zst	4b5a5a4dfea09ecbeffc3971b4be40c3112ad19550de5163c25e3a35e14c2cb6
file	674416	/home/geoca/Documents/SP11-PROJECT/02-kernel/candidates/rpv4-macro84-winproducer-nohd2-win-analog-tail-pdmwd-latched-v14-idlegated-20260817/snd-soc-wsa884x.v14.unsigned.ko	29a8d036e90d669c73101c494d14af825572beff6d8c91b8bc24aa4bd69c0453
file	208416768	/home/geoca/Documents/SP11-PROJECT/02-kernel/candidates/rpv4-macro84-winproducer-nohd2-win-analog-tail-rearm-pre-sdw-ckwd-v22-idlegated-20260817/initrd.img-7.1.5-sp11-render-parity-v4+	b9ddb8c09e7ffe150970da7c68bd47200136f8afcbc059dd0e16d49c3f251766
file	679537	/home/geoca/Documents/SP11-PROJECT/02-kernel/candidates/rpv4-macro84-winproducer-nohd2-win-analog-tail-rearm-pre-sdw-ckwd-v22-idlegated-20260817/snd-soc-wsa884x.v22.ko	7d2adde1010570f9607bc506e6624e02597c96c9534022904e3c77947e02b77e
file	174837	/home/geoca/Documents/SP11-PROJECT/02-kernel/candidates/rpv4-macro84-winproducer-nohd2-win-analog-tail-rearm-pre-sdw-ckwd-v22-idlegated-20260817/snd-soc-wsa884x.v22.ko.zst	68b425822da2599574049e1cf105d5347bbd5e39836247f66a46d203db72bf83
file	678816	/home/geoca/Documents/SP11-PROJECT/02-kernel/candidates/rpv4-macro84-winproducer-nohd2-win-analog-tail-rearm-pre-sdw-ckwd-v22-idlegated-20260817/snd-soc-wsa884x.v22.unsigned.ko	d39ddc4a6a67d10f8faf0349eed4a96c6dcc44786a3458a124dddac56e29d8ae
file	208241664	/home/geoca/Documents/SP11-PROJECT/02-kernel/candidates/rpv4-macro84-winproducer-nohd2-win-analog-tail-rearm-pre-sdw-v21-idlegated-20260817/initrd.img-7.1.5-sp11-render-parity-v4+	e7cb390b520af6a9c1f8b121b33b4c4b8383cfc4925ce6b23ee0c6cb3174f35f
file	676944	/home/geoca/Documents/SP11-PROJECT/02-kernel/candidates/rpv4-macro84-winproducer-nohd2-win-analog-tail-rearm-pre-sdw-v21-idlegated-20260817/snd-soc-wsa884x.v21.audit.unsigned.ko	d97705ce0870e257c357cf0ed32ce4cbb8d13e6b34b02abf231ab78ae5536ab9
file	677665	/home/geoca/Documents/SP11-PROJECT/02-kernel/candidates/rpv4-macro84-winproducer-nohd2-win-analog-tail-rearm-pre-sdw-v21-idlegated-20260817/snd-soc-wsa884x.v21.ko	f03ead0023b8b488bdd2439eb52832282615cb7d382e96875bfa42fd5fcfcbda
file	174449	/home/geoca/Documents/SP11-PROJECT/02-kernel/candidates/rpv4-macro84-winproducer-nohd2-win-analog-tail-rearm-pre-sdw-v21-idlegated-20260817/snd-soc-wsa884x.v21.ko.zst	d00fd87a4e5f732922368e2f2da38d193627db6eee89913c2fc918263b41b853
file	676944	/home/geoca/Documents/SP11-PROJECT/02-kernel/candidates/rpv4-macro84-winproducer-nohd2-win-analog-tail-rearm-pre-sdw-v21-idlegated-20260817/snd-soc-wsa884x.v21.unsigned.ko	d97705ce0870e257c357cf0ed32ce4cbb8d13e6b34b02abf231ab78ae5536ab9
file	157813095	/home/geoca/Documents/SP11-PROJECT/02-kernel/candidates/rpv4-macro84-winproducer-nohd2-win-analog-tail-rearm-v20-idlegated-20260817/initrd.img-7.1.5-sp11-render-parity-v4+	584b0c421ace58671361114a299b87fe9a48ecd4755e8f8aa2405c80a94005ad
file	679104	/home/geoca/Documents/SP11-PROJECT/02-kernel/candidates/rpv4-macro84-winproducer-nohd2-win-analog-tail-rearm-v20-idlegated-20260817/snd-soc-wsa884x.v20.fresh.unsigned.ko	eaf44338acc2a4c37bb9a642f45cb85267d1fe62b35a7fbaa2b3ad7c385d5499
file	679825	/home/geoca/Documents/SP11-PROJECT/02-kernel/candidates/rpv4-macro84-winproducer-nohd2-win-analog-tail-rearm-v20-idlegated-20260817/snd-soc-wsa884x.v20.ko	42b342170ec867a1c5510b653cbc9b0daef9af850992c33bb95e10bd713b96d5
file	174759	/home/geoca/Documents/SP11-PROJECT/02-kernel/candidates/rpv4-macro84-winproducer-nohd2-win-analog-tail-rearm-v20-idlegated-20260817/snd-soc-wsa884x.v20.ko.zst	acb987cd8f08159bd86601b8348584f31145083d4f41e9f2faf569c5765ac638
file	679104	/home/geoca/Documents/SP11-PROJECT/02-kernel/candidates/rpv4-macro84-winproducer-nohd2-win-analog-tail-rearm-v20-idlegated-20260817/snd-soc-wsa884x.v20.unsigned.ko	eaf44338acc2a4c37bb9a642f45cb85267d1fe62b35a7fbaa2b3ad7c385d5499
file	158063904	/home/geoca/Documents/SP11-PROJECT/02-kernel/candidates/rpv4-macro84-winproducer-nohd2-win-analog-tail-sdw-retain-v15-idlegated-20260817/initrd.img-7.1.5-sp11-render-parity-v4+	8c1611aa72f6d790498ec374b4ce92850cec6363565fa64ad5473ea27d8fdc7f
file	439641	/home/geoca/Documents/SP11-PROJECT/02-kernel/candidates/rpv4-macro84-winproducer-nohd2-win-analog-tail-sdw-retain-v15-idlegated-20260817/snd-soc-qcom-sdw.v15.ko	4f1929c41e8092899d054c2ffb9fe7854bcdc653501c6aabeae3f0e494791cfc
file	116872	/home/geoca/Documents/SP11-PROJECT/02-kernel/candidates/rpv4-macro84-winproducer-nohd2-win-analog-tail-sdw-retain-v15-idlegated-20260817/snd-soc-qcom-sdw.v15.ko.zst	8b093e535cf232be5a9c81c70bdd67d49542f528b42f57d9ef0e18d79fb0f24d
file	438920	/home/geoca/Documents/SP11-PROJECT/02-kernel/candidates/rpv4-macro84-winproducer-nohd2-win-analog-tail-sdw-retain-v15-idlegated-20260817/snd-soc-qcom-sdw.v15.unsigned.ko	e3790ea6ab272bbebbb6c459b5ac4c89abf8415d23e2fb23febd1aa50d074e3c
file	677401	/home/geoca/Documents/SP11-PROJECT/02-kernel/candidates/rpv4-macro84-winproducer-nohd2-win-analog-tail-sdw-retain-v15-idlegated-20260817/snd-soc-wsa884x.v15.ko	34628ec3e89ff85dd337bdedba2d747560890943cbf09658a2c6c0e58f80c10e
file	174328	/home/geoca/Documents/SP11-PROJECT/02-kernel/candidates/rpv4-macro84-winproducer-nohd2-win-analog-tail-sdw-retain-v15-idlegated-20260817/snd-soc-wsa884x.v15.ko.zst	dbbfbb5e255769f44fddfcbfaafc6bf1a3df53156722badcca5da5391bb019d4
file	676680	/home/geoca/Documents/SP11-PROJECT/02-kernel/candidates/rpv4-macro84-winproducer-nohd2-win-analog-tail-sdw-retain-v15-idlegated-20260817/snd-soc-wsa884x.v15.unsigned.ko	e302d0f280f026a100e3871e85afd9e92ef82a745d6074ee7dbbeedd634c2f45
file	670601	/home/geoca/Documents/SP11-PROJECT/02-kernel/candidates/rpv4-macro84-winproducer-nohd2-win-analog-tail-sdw-retain-v15-idlegated-20260817/soundwire-qcom.v15.ko	a500380a850ce1716422454859e9cffb35eb311c5b2f20d9b82cf4df3953c881
file	168106	/home/geoca/Documents/SP11-PROJECT/02-kernel/candidates/rpv4-macro84-winproducer-nohd2-win-analog-tail-sdw-retain-v15-idlegated-20260817/soundwire-qcom.v15.ko.zst	6bfaa753303273aad09c39038f18b04dc6a1e417b170afac630fb66264eaa528
file	669880	/home/geoca/Documents/SP11-PROJECT/02-kernel/candidates/rpv4-macro84-winproducer-nohd2-win-analog-tail-sdw-retain-v15-idlegated-20260817/soundwire-qcom.v15.unsigned.ko	8018d9c790dcd8923ab09b6e76886e13e5374b5424303930f36b41fc0c133225
file	157963428	/home/geoca/Documents/SP11-PROJECT/02-kernel/candidates/rpv4-macro84-winproducer-nohd2-win-analog-tail-swr-stopwait-500ms-slave0-v19-idlegated-20260817/initrd.img-7.1.5-sp11-render-parity-v4+	054c283b9ef99ce1d5c131942d153d8239aa7516fecc7d1a2a1c3afc77cd49d7
file	676377	/home/geoca/Documents/SP11-PROJECT/02-kernel/candidates/rpv4-macro84-winproducer-nohd2-win-analog-tail-swr-stopwait-500ms-slave0-v19-idlegated-20260817/snd-soc-wsa884x.v19.ko	08371d5c208f9d6664c2db5e247661c3274b5fe392ac92f3d1f8d68068789be8
file	173724	/home/geoca/Documents/SP11-PROJECT/02-kernel/candidates/rpv4-macro84-winproducer-nohd2-win-analog-tail-swr-stopwait-500ms-slave0-v19-idlegated-20260817/snd-soc-wsa884x.v19.ko.zst	9261fc9d61ab7bda3470736d8968f216f7b8772a68e16c5cb661156ebca38e8a
file	675656	/home/geoca/Documents/SP11-PROJECT/02-kernel/candidates/rpv4-macro84-winproducer-nohd2-win-analog-tail-swr-stopwait-500ms-slave0-v19-idlegated-20260817/snd-soc-wsa884x.v19.unsigned.ko	aea5927a40ce234381eaa6c2cef579f0e7fe27bdbe6a481934a42c8185cb5def
file	157962931	/home/geoca/Documents/SP11-PROJECT/02-kernel/candidates/rpv4-macro84-winproducer-nohd2-win-analog-tail-swr-stopwait-500ms-v18-idlegated-20260817/initrd.img-7.1.5-sp11-render-parity-v4+	97ac56220e251b55964b832798dec460a969099912294ea660f4fad7b5ca8018
file	674257	/home/geoca/Documents/SP11-PROJECT/02-kernel/candidates/rpv4-macro84-winproducer-nohd2-win-analog-tail-swr-stopwait-500ms-v18-idlegated-20260817/soundwire-qcom.v18.ko	c312c4cd38fb4d4cd3ff81cdca852396ea57a875fcd13e56efc59d0d91888d77
file	168812	/home/geoca/Documents/SP11-PROJECT/02-kernel/candidates/rpv4-macro84-winproducer-nohd2-win-analog-tail-swr-stopwait-500ms-v18-idlegated-20260817/soundwire-qcom.v18.ko.zst	a1f25ce6e3cdb227bf8c3884b1317f1a9ad0d1a16acbd30ac030dc8304d63506
file	673536	/home/geoca/Documents/SP11-PROJECT/02-kernel/candidates/rpv4-macro84-winproducer-nohd2-win-analog-tail-swr-stopwait-500ms-v18-idlegated-20260817/soundwire-qcom.v18.unsigned.ko	09faba17764baa7a75ff84695cd705a10a9236374ac42274ab011a29a6e12286
file	157962740	/home/geoca/Documents/SP11-PROJECT/02-kernel/candidates/rpv4-macro84-winproducer-nohd2-win-analog-tail-swr-stopwait-nocgcr-v17-idlegated-20260817/initrd.img-7.1.5-sp11-render-parity-v4+	dbcca1f0f65d6d656305f505565ed77ede287a37a02a45d19a1b0c40c394206a
file	673441	/home/geoca/Documents/SP11-PROJECT/02-kernel/candidates/rpv4-macro84-winproducer-nohd2-win-analog-tail-swr-stopwait-nocgcr-v17-idlegated-20260817/soundwire-qcom.v17.ko	94f68ccb59fa280fe68f3b279ac8774fde00dffa8da352dbaf314110a7c81e02
file	168568	/home/geoca/Documents/SP11-PROJECT/02-kernel/candidates/rpv4-macro84-winproducer-nohd2-win-analog-tail-swr-stopwait-nocgcr-v17-idlegated-20260817/soundwire-qcom.v17.ko.zst	d101bd755d536c2a5da4d072787dfcbd8247da57a48af58885c2dbe55ceb250f
file	672720	/home/geoca/Documents/SP11-PROJECT/02-kernel/candidates/rpv4-macro84-winproducer-nohd2-win-analog-tail-swr-stopwait-nocgcr-v17-idlegated-20260817/soundwire-qcom.v17.unsigned.ko	ba8103a8c47881f4c4e691b0a097edd69df78eb28a3ac4510e67ba584240cbbf
file	157962277	/home/geoca/Documents/SP11-PROJECT/02-kernel/candidates/rpv4-macro84-winproducer-nohd2-win-analog-tail-swr-stopwait-v16-idlegated-20260817/initrd.img-7.1.5-sp11-render-parity-v4+	4a76e05b9492265f0251017f90456176a5987561bd87c0c9530fb642cbfbdf9c
file	671761	/home/geoca/Documents/SP11-PROJECT/02-kernel/candidates/rpv4-macro84-winproducer-nohd2-win-analog-tail-swr-stopwait-v16-idlegated-20260817/soundwire-qcom.v16.ko	66dc02c6e223e76342366653619b6b7f4b773ebd585e5fe2c89f62b60bd52264
file	168079	/home/geoca/Documents/SP11-PROJECT/02-kernel/candidates/rpv4-macro84-winproducer-nohd2-win-analog-tail-swr-stopwait-v16-idlegated-20260817/soundwire-qcom.v16.ko.zst	ef786378021d31a458f7aaa35e23b8e93ae396c9fe8c93805b50500ce7299c46
file	671040	/home/geoca/Documents/SP11-PROJECT/02-kernel/candidates/rpv4-macro84-winproducer-nohd2-win-analog-tail-swr-stopwait-v16-idlegated-20260817/soundwire-qcom.v16.unsigned.ko	1a027f10b5a3d35fa6c818cb1232efe152e909a1dd4d947e5592390b8f6fe156
file	157806476	/home/geoca/Documents/SP11-PROJECT/02-kernel/candidates/rpv4-macro84-winproducer-nohd2-win-analog-tail-v13-idlegated-20260817/initrd.img-7.1.5-sp11-render-parity-v4+	3dda06a7718bcf9d22f570e706d05672cb24afba3c26f6cd0eef1d4b15374e1b
file	674360	/home/geoca/Documents/SP11-PROJECT/02-kernel/candidates/rpv4-macro84-winproducer-nohd2-win-analog-tail-v13-idlegated-20260817/snd-soc-wsa884x.v13.ko	9b8d8bb450dae49d3fde582cc4948278e5cbb9a235aea5e00054cf15ad2af8b4
file	173250	/home/geoca/Documents/SP11-PROJECT/02-kernel/candidates/rpv4-macro84-winproducer-nohd2-win-analog-tail-v13-idlegated-20260817/snd-soc-wsa884x.v13.ko.zst	2b6c7b8c5a54cb68b6f0cf26484277022672a4e3e886ce3045a13e6ec49c45df
file	674360	/home/geoca/Documents/SP11-PROJECT/02-kernel/candidates/rpv4-macro84-winproducer-nohd2-win-analog-tail-v13-idlegated-20260817/snd-soc-wsa884x.v13.unsigned.ko	9b8d8bb450dae49d3fde582cc4948278e5cbb9a235aea5e00054cf15ad2af8b4
file	208242176	/home/geoca/Documents/SP11-PROJECT/02-kernel/candidates/rpv4-macro84-winproducer-nohd2-win-dsm-analog-tail-rearm-pre-sdw-v22-idlegated-20260817/initrd.img-7.1.5-sp11-render-parity-v4+	a67207cf5b9090e83cca76802835b0abc92113aa6f6d19a32ac979a42d7d0189
file	679528	/home/geoca/Documents/SP11-PROJECT/02-kernel/candidates/rpv4-macro84-winproducer-nohd2-win-dsm-analog-tail-rearm-pre-sdw-v22-idlegated-20260817/snd-soc-wsa884x.v22.audit.unsigned.ko	2bafb1c7c69fa4d5acd79b740d4cfedb873d2f5306470b31f60a3be148a9f57a
file	680249	/home/geoca/Documents/SP11-PROJECT/02-kernel/candidates/rpv4-macro84-winproducer-nohd2-win-dsm-analog-tail-rearm-pre-sdw-v22-idlegated-20260817/snd-soc-wsa884x.v22.ko	096b87c044144f5aa2fa22b55640532d3b599bf55443394b7bd0e1de5e7b77ac
file	175089	/home/geoca/Documents/SP11-PROJECT/02-kernel/candidates/rpv4-macro84-winproducer-nohd2-win-dsm-analog-tail-rearm-pre-sdw-v22-idlegated-20260817/snd-soc-wsa884x.v22.ko.zst	eafee26c360be364204e4813664301093e45fb7ef0ca454ed4c2ef93bfa75f62
file	679528	/home/geoca/Documents/SP11-PROJECT/02-kernel/candidates/rpv4-macro84-winproducer-nohd2-win-dsm-analog-tail-rearm-pre-sdw-v22-idlegated-20260817/snd-soc-wsa884x.v22.unsigned.ko	2bafb1c7c69fa4d5acd79b740d4cfedb873d2f5306470b31f60a3be148a9f57a
dir	207408322	/home/geoca/Documents/SP11-PROJECT/02-kernel/candidates/rpv4-macro84-winproducer-nohd2-wsa-windows-3state-retain-dp2offset2-v28-idlegated-20260817/initrd-base	-
file	146829551	/home/geoca/Documents/SP11-PROJECT/02-kernel/candidates/rpv4-macro84-winproducer-nohd2-wsa-windows-3state-retain-dp2offset2-v28-idlegated-20260817/initrd.img-7.1.5-sp11-render-parity-v4+-v28	94f6716ea210c0b3d82eb3403f08102de90be13ea526c1fb4f273324db9f754d
dir	207993876	/home/geoca/Documents/SP11-PROJECT/02-kernel/candidates/rpv4-macro84-winproducer-nohd2-wsa-windows-3state-retain-dp2offset2-v28-idlegated-20260817/initrd-tree	-
dir	207993876	/home/geoca/Documents/SP11-PROJECT/02-kernel/candidates/rpv4-macro84-winproducer-nohd2-wsa-windows-3state-retain-dp2offset2-v28-idlegated-20260817/initrd-verify	-
file	175674	/home/geoca/Documents/SP11-PROJECT/02-kernel/candidates/rpv4-macro84-winproducer-nohd2-wsa-windows-3state-retain-dp2offset2-v28-idlegated-20260817/snd-soc-wsa884x.v27-initrd.ko.zst	a2f22686dcf9047971147b9644132cf0cc9b61ecb382ea7d26b9b9f37277b736
file	683441	/home/geoca/Documents/SP11-PROJECT/02-kernel/candidates/rpv4-macro84-winproducer-nohd2-wsa-windows-3state-retain-dp2offset2-v28-idlegated-20260817/snd-soc-wsa884x.v28.ko	963e0353b06afdc48d8729639a99e9c2be1b253256ab84f6025e4094c855287c
file	175703	/home/geoca/Documents/SP11-PROJECT/02-kernel/candidates/rpv4-macro84-winproducer-nohd2-wsa-windows-3state-retain-dp2offset2-v28-idlegated-20260817/snd-soc-wsa884x.v28.ko.zst	003427fc7388a5674f1c8c0ec184339d5ff57192f83868d96567f7217bba84a2
file	682720	/home/geoca/Documents/SP11-PROJECT/02-kernel/candidates/rpv4-macro84-winproducer-nohd2-wsa-windows-3state-retain-dp2offset2-v28-idlegated-20260817/snd-soc-wsa884x.v28.unsigned.ko	2d2b144e489b7bb742d8f9febf4b4e58c54096d7ce2d92125b9d1c2e4a11a57b
file	51798	/home/geoca/Documents/SP11-PROJECT/02-kernel/candidates/rpv4-macro84-winproducer-nohd2-wsa-windows-3state-retain-dp2offset2-v28-idlegated-20260817/soundwire-bus.v27-initrd.ko.zst	32a10b5f803d38c7e1eb7cedb4b281c385377f1cd39c839e198f947ed0e3005c
file	3079233	/home/geoca/Documents/SP11-PROJECT/02-kernel/candidates/rpv4-macro84-winproducer-nohd2-wsa-windows-3state-retain-dp2offset2-v28-idlegated-20260817/soundwire-bus.v28.ko	9ad4fb208df302ab2737cefdf6790554265373126cce4a95e0fa377db404d753
file	637323	/home/geoca/Documents/SP11-PROJECT/02-kernel/candidates/rpv4-macro84-winproducer-nohd2-wsa-windows-3state-retain-dp2offset2-v28-idlegated-20260817/soundwire-bus.v28.ko.zst	7ba04a6bb25c340a67c2bc5780eca3f33e4692063f7cdb087949a4b51bc82d93
file	146484569	/home/geoca/Documents/SP11-PROJECT/02-kernel/candidates/rpv4-macro84-winproducer-nohd2-wsa-windows-3state-retain-v27-idlegated-20260817/initrd.img-7.1.5-sp11-render-parity-v4+	afc918eaaa56b1530bf49cc222a9cfe75ccd68cc697132b2024660e7da5527f2
file	683441	/home/geoca/Documents/SP11-PROJECT/02-kernel/candidates/rpv4-macro84-winproducer-nohd2-wsa-windows-3state-retain-v27-idlegated-20260817/snd-soc-wsa884x.v27.ko	84655017b1bb1510f9a96c0220cde035e0ddf01d0ed2d7271d077cc27c2d8bcf
file	175674	/home/geoca/Documents/SP11-PROJECT/02-kernel/candidates/rpv4-macro84-winproducer-nohd2-wsa-windows-3state-retain-v27-idlegated-20260817/snd-soc-wsa884x.v27.ko.zst	a2f22686dcf9047971147b9644132cf0cc9b61ecb382ea7d26b9b9f37277b736
file	682720	/home/geoca/Documents/SP11-PROJECT/02-kernel/candidates/rpv4-macro84-winproducer-nohd2-wsa-windows-3state-retain-v27-idlegated-20260817/snd-soc-wsa884x.v27.unsigned.ko	b909a32be257cceb4214a6298cb29b3fdec003eb49eb696770e68ab2a35b8c2e
file	146525242	/home/geoca/Documents/SP11-PROJECT/02-kernel/candidates/rpv4-macro84-winproducer-nohd2-wsa-windows-3state-v26-idlegated-20260817/initrd.img-7.1.5-sp11-render-parity-v4+	94434eb3cb3b5e83c12c0bf0054c0ee3803b62fc14f3c2a7372db08a292bb801
file	682025	/home/geoca/Documents/SP11-PROJECT/02-kernel/candidates/rpv4-macro84-winproducer-nohd2-wsa-windows-3state-v26-idlegated-20260817/snd-soc-wsa884x.v26.ko	6c6ba13a349b3f89bb12a76c957cfc114001b579b3f6656b5f137788f307d837
file	175587	/home/geoca/Documents/SP11-PROJECT/02-kernel/candidates/rpv4-macro84-winproducer-nohd2-wsa-windows-3state-v26-idlegated-20260817/snd-soc-wsa884x.v26.ko.zst	264413c5d3fb59eb0fffc11bc44fdae9a1d9779234705e91efdd7696b8be0019
file	681304	/home/geoca/Documents/SP11-PROJECT/02-kernel/candidates/rpv4-macro84-winproducer-nohd2-wsa-windows-3state-v26-idlegated-20260817/snd-soc-wsa884x.v26.unsigned.ko	cb7179606ac9bd245a9c3a3ad79f08f73809055dbd635cf11536d19f3f533b78
file	157643217	/home/geoca/Documents/SP11-PROJECT/02-kernel/candidates/rpv4-macro84-winproducer-v1-20260816/initrd.img-7.1.5-sp11-render-parity-v4+	18d5a9c2a0c4c2ab4c59608ec3cace7fe4e3436f961437c7d18ce67b489033eb
dir	207250661	/home/geoca/Documents/SP11-PROJECT/02-kernel/candidates/rpv4-macro84-winproducer-v1-20260816/initrd-verify	-
file	21203	/home/geoca/Documents/SP11-PROJECT/02-kernel/candidates/rpv4-macro84-winproducer-v1-20260816/root-wsa-before-mkinitramfs.ko.zst	70dd3204ee9db0825a35d977858587ca236de062d67d1257217d876e5fb2ee7e
file	5109	/home/geoca/Documents/SP11-PROJECT/02-kernel/candidates/rpv4-macro84-winproducer-v1-20260816/root-x1e-before-mkinitramfs.ko.zst	e85159e8c1a6514c99f37364219211c296db6a84e4594cfb22179148c6538bd7
file	714369	/home/geoca/Documents/SP11-PROJECT/02-kernel/candidates/rpv4-macro84-winproducer-v1-20260816/snd-soc-lpass-wsa-macro.winproducer-v1.ko	c163a406363f2136cde22e18410bf40eaf8412ddeae7c8b97a83eb4247c720e9
file	165101	/home/geoca/Documents/SP11-PROJECT/02-kernel/candidates/rpv4-macro84-winproducer-v1-20260816/snd-soc-lpass-wsa-macro.winproducer-v1.ko.zst	5374b7bf739ea9236bbee5e5a80b56d4d79829555ce9ce0729807b091e705998
file	146832484	/home/geoca/Documents/SP11-PROJECT/02-kernel/candidates/rpv4-v28-dp3-offset2-v29-structural-20260817/initrd.img-7.1.5-sp11-render-parity-v4+-v29	b19732481c6cea5c577502051b77f8c037f9b5b3cb4457b83e7e0c1b186787f7
file	0	/home/geoca/Documents/SP11-PROJECT/02-kernel/candidates/rpv4-v28-dp3-offset2-v29-structural-20260817/initrd-roundtrip.diff	e3b0c44298fc1c149afbf4c8996fb92427ae41e4649b934ca495991b7852b855
dir	207993853	/home/geoca/Documents/SP11-PROJECT/02-kernel/candidates/rpv4-v28-dp3-offset2-v29-structural-20260817/initrd-tree	-
dir	207993853	/home/geoca/Documents/SP11-PROJECT/02-kernel/candidates/rpv4-v28-dp3-offset2-v29-structural-20260817/initrd-verify	-
file	682720	/home/geoca/Documents/SP11-PROJECT/02-kernel/candidates/rpv4-v28-dp3-offset2-v29-structural-20260817/snd-soc-wsa884x.v28-reproduced.unsigned.ko	2d2b144e489b7bb742d8f9febf4b4e58c54096d7ce2d92125b9d1c2e4a11a57b
file	683441	/home/geoca/Documents/SP11-PROJECT/02-kernel/candidates/rpv4-v28-dp3-offset2-v29-structural-20260817/snd-soc-wsa884x.v28-resigned.ko	639ef5e39f5b4562a1f47f4c4eb702b7bc5634ba601d86f98f265457239fdf2b
file	683441	/home/geoca/Documents/SP11-PROJECT/02-kernel/candidates/rpv4-v28-dp3-offset2-v29-structural-20260817/snd-soc-wsa884x.v28-resigned-sha256.ko	963e0353b06afdc48d8729639a99e9c2be1b253256ab84f6025e4094c855287c
file	683441	/home/geoca/Documents/SP11-PROJECT/02-kernel/candidates/rpv4-v28-dp3-offset2-v29-structural-20260817/snd-soc-wsa884x.v29.ko	ba179f67720e389196a7c1679f5309d641b33b47fc84231a6cf36d197eebf78b
file	175680	/home/geoca/Documents/SP11-PROJECT/02-kernel/candidates/rpv4-v28-dp3-offset2-v29-structural-20260817/snd-soc-wsa884x.v29.ko.zst	29cd5ead747156a3566679d94e5de8edbf06f538471c046329f28bfea94e07fb
file	682720	/home/geoca/Documents/SP11-PROJECT/02-kernel/candidates/rpv4-v28-dp3-offset2-v29-structural-20260817/snd-soc-wsa884x.v29.unsigned.ko	e694acfc1ffe92dc349a506620dbde3ed42eb188bde9eb9724caa1b32a9fecb1
file	175703	/home/geoca/Documents/SP11-PROJECT/02-kernel/candidates/rpv4-v28-dp3-offset2-v29-structural-20260817/v28-recompressed-sha256.ko.zst	003427fc7388a5674f1c8c0ec184339d5ff57192f83868d96567f7217bba84a2
file	326936	/home/geoca/Documents/SP11-PROJECT/02-kernel/candidates/rx-core-tx-mclk-runtime-probe-20260820/sp11_rxcoretx_vote.ko	1d7e749e9a3df75776982573d5fc58a9b8ceba4d4ab79d339ba605e17b570781
file	147465887	/home/geoca/Documents/SP11-PROJECT/02-kernel/candidates/stm-hwd4-probe-20260820/initrd.img-7.1.5-sp11-render-parity-v4+-stm-hwd4-probe	1b93391d6890c31bd70b8df82eb929ae621f761491b6a631d19a9d19c7c23d74
dir	208314312	/home/geoca/Documents/SP11-PROJECT/02-kernel/candidates/stm-hwd4-probe-20260820/initrd-tree	-
dir	390804	/home/geoca/Documents/SP11-PROJECT/02-kernel/candidates/stm-hwd4-probe-20260820/initrd-verify	-
file	147288608	/home/geoca/Documents/SP11-PROJECT/02-kernel/candidates/v31-cps-pcm-port-ctrl-105c-20260819/initrd.img-7.1.5-sp11-render-parity-v4+-cps-pcm-port-ctrl-105c	9d478b8291bba4dd5deec9a20c628566510587a6f7f77e98d07b8d7b014f9f7c
file	221	/home/geoca/Documents/SP11-PROJECT/02-kernel/candidates/v31-cps-pcm-port-ctrl-105c-20260819/initrd.sha256	2c3baea3b4756fb7f4be3bafd1bda0158ef29690149bf2f7d5c907f7da7167af
dir	208465297	/home/geoca/Documents/SP11-PROJECT/02-kernel/candidates/v31-cps-pcm-port-ctrl-105c-20260819/initrd-tree	-
file	147290339	/home/geoca/Documents/SP11-PROJECT/02-kernel/candidates/v31-cps-pcm-port-ctrl-20260819/initrd.img-7.1.5-sp11-render-parity-v4+-cps-pcm-port-ctrl	40fa5f24e267545d63881418d6e55371c0dc5ea5324c7db507843677739df6fe
file	211	/home/geoca/Documents/SP11-PROJECT/02-kernel/candidates/v31-cps-pcm-port-ctrl-20260819/initrd.sha256	16f6ce2f1179697d231a57656c2d7a3f205d03d4524a5c0d7bfbde63327cd861
dir	208464697	/home/geoca/Documents/SP11-PROJECT/02-kernel/candidates/v31-cps-pcm-port-ctrl-20260819/initrd-tree	-
file	230	/home/geoca/Documents/SP11-PROJECT/02-kernel/candidates/v31-feedback-active-offset2-zero-20260820/initrd-fwselect.sha256	69d28f6eb7569ceeb1bc4e4bad058940b3e4a61afe9270fa6e552e14acc446ae
file	147291503	/home/geoca/Documents/SP11-PROJECT/02-kernel/candidates/v31-feedback-active-offset2-zero-20260820/initrd.img-7.1.5-sp11-render-parity-v4+-feedback-active-offset2-zero	036711799330547b01d0a9f5d211bbf1326914923f8b0ebd76765be45f531a06
file	147318546	/home/geoca/Documents/SP11-PROJECT/02-kernel/candidates/v31-feedback-active-offset2-zero-20260820/initrd.img-7.1.5-sp11-render-parity-v4+-feedback-offset2-fwselect	0bd93e2df0d8712d7e14fe625e5101dcdf22008668aad34ca0ef5669c502911d
file	147291509	/home/geoca/Documents/SP11-PROJECT/02-kernel/candidates/v31-feedback-active-offset2-zero-20260820/initrd.img-7.1.5-sp11-render-parity-v4+-feedback-offset2-tap2forced	13b2a734c335358374ceab047d04b4e2301b04f32b8442c68682244d3e800a0d
file	147291506	/home/geoca/Documents/SP11-PROJECT/02-kernel/candidates/v31-feedback-active-offset2-zero-20260820/initrd.img-7.1.5-sp11-render-parity-v4+-feedback-offset2-tap3forced	41274775c1b65e55139f8bb74946ab0ae5e26e7cc56ccd0525725eab6d79bae8
file	233	/home/geoca/Documents/SP11-PROJECT/02-kernel/candidates/v31-feedback-active-offset2-zero-20260820/initrd.sha256	a1d65c2d1354a7f0b147cd54c59198e848f504b400d34baf311aa986581f6a65
file	232	/home/geoca/Documents/SP11-PROJECT/02-kernel/candidates/v31-feedback-active-offset2-zero-20260820/initrd-tap2.sha256	465459b011d271635a789b87a763d3d430b147d639813852dfed6e0b4dca550d
file	232	/home/geoca/Documents/SP11-PROJECT/02-kernel/candidates/v31-feedback-active-offset2-zero-20260820/initrd-tap3.sha256	68800e26c1b62221eea24262e92bb527b757fa4f62a26f8687c26f7cdf2d3caa
dir	208525709	/home/geoca/Documents/SP11-PROJECT/02-kernel/candidates/v31-feedback-active-offset2-zero-20260820/initrd-tree	-
dir	208464409	/home/geoca/Documents/SP11-PROJECT/02-kernel/candidates/v31-feedback-active-offset2-zero-20260820/initrd-verify	-
file	671264	/home/geoca/Documents/SP11-PROJECT/02-kernel/candidates/v31-feedback-active-offset2-zero-20260820/tap2-swr.ko	f9dbc887ed6a06c60a73bb83b9688b021e9c12927b66a962e7191f9e336fff76
file	671264	/home/geoca/Documents/SP11-PROJECT/02-kernel/candidates/v31-feedback-active-offset2-zero-20260820/tap3-swr.ko	f9dbc887ed6a06c60a73bb83b9688b021e9c12927b66a962e7191f9e336fff76
dir	208525709	/home/geoca/Documents/SP11-PROJECT/02-kernel/candidates/v31-feedback-active-offset2-zero-20260820/verify-fwselect	-
dir	208464409	/home/geoca/Documents/SP11-PROJECT/02-kernel/candidates/v31-feedback-active-offset2-zero-20260820/verify-tap2	-
dir	208464409	/home/geoca/Documents/SP11-PROJECT/02-kernel/candidates/v31-feedback-active-offset2-zero-20260820/verify-tap3	-
file	147306908	/home/geoca/Documents/SP11-PROJECT/02-kernel/candidates/v31-feedback-consolidated-exact-golden-20260820/initrd.img-7.1.5-sp11-render-parity-v4+-feedback-v32-exact-golden	227a5f1531077306dfdcd244d7e28ae9734858ccf9cd6129203e3bb5a943769d
file	236	/home/geoca/Documents/SP11-PROJECT/02-kernel/candidates/v31-feedback-consolidated-exact-golden-20260820/initrd.sha256	e6914bd6d695d9b005c46dc8db3efa410fb05e7f00b727d2fccffbbff7f57a89
dir	208467331	/home/geoca/Documents/SP11-PROJECT/02-kernel/candidates/v31-feedback-consolidated-exact-golden-20260820/initrd-tree	-
dir	208467331	/home/geoca/Documents/SP11-PROJECT/02-kernel/candidates/v31-feedback-consolidated-exact-golden-20260820/initrd-verify	-
file	147686905	/home/geoca/Documents/SP11-PROJECT/02-kernel/candidates/v31-feedback-poststart-20260819/initrd.img-7.1.5-sp11-render-parity-v4+-feedback-poststart	72e88f219459e06c1aa18c1d780a054316327b123e42b208910b5b505781cf31
file	213	/home/geoca/Documents/SP11-PROJECT/02-kernel/candidates/v31-feedback-poststart-20260819/initrd.sha256	d18a8a5f2c79356475b1a3f077c74d9834eb3edf72b6e8608b926cff9ee9e94c
dir	208561658	/home/geoca/Documents/SP11-PROJECT/02-kernel/candidates/v31-feedback-poststart-20260819/initrd-tree	-
file	145269	/home/geoca/Documents/SP11-PROJECT/02-kernel/candidates/v31-feedback-poststart-20260819/q6apm-dai.ko.zst	95681325d6da7a07dab6d3cf6312465cedfdade9c5f05460529d943c988408df
file	119595	/home/geoca/Documents/SP11-PROJECT/02-kernel/candidates/v31-feedback-poststart-20260819/snd-soc-x1e80100.ko.zst	651e592ab89ad9df0ecf661c52bae8fcb2e0a2535431f69adb3cd8229cdb4854
file	147573102	/home/geoca/Documents/SP11-PROJECT/02-kernel/candidates/v31-feedback-poststart-v2-20260819/initrd.img-7.1.5-sp11-render-parity-v4+-feedback-poststart-v2	8105af4cfef8a67d1e54fb27f09783669472ace08fb7307f17467059f747015f
file	219	/home/geoca/Documents/SP11-PROJECT/02-kernel/candidates/v31-feedback-poststart-v2-20260819/initrd.sha256	ef9bc6f8d0e8d6703fe27c6bc5bade2a88a945387b385a8a74ca6d78004e8a3f
dir	208447483	/home/geoca/Documents/SP11-PROJECT/02-kernel/candidates/v31-feedback-poststart-v2-20260819/initrd-tree	-
file	145269	/home/geoca/Documents/SP11-PROJECT/02-kernel/candidates/v31-feedback-poststart-v2-20260819/q6apm-dai.ko.zst	95681325d6da7a07dab6d3cf6312465cedfdade9c5f05460529d943c988408df
file	361156	/home/geoca/Documents/SP11-PROJECT/02-kernel/candidates/v31-feedback-poststart-v2-20260819/snd-q6apm.ko.zst	1d63c43c1a79c1fddf94061e06b543f76740f64ebbeccd474defee2e0019249a
file	151536051	/home/geoca/Documents/SP11-PROJECT/02-kernel/candidates/v31-vi-macro-dai-activation-diag-20260818/initrd.img-7.1.5-sp11-render-parity-v4+-vi-macro-diag	23fc841e533683b1e3e49a6d397ff9090cfee86ca02042d943f85d4287a51ba7
file	338800	/home/geoca/Documents/SP11-PROJECT/02-kernel/candidates/v31-vi-macro-dai-activation-diag-20260818/initrd-list.txt	6b6aea46b38df21f413f7016eee6538ee361d48d162a3ef095df041e7839de10
file	218	/home/geoca/Documents/SP11-PROJECT/02-kernel/candidates/v31-vi-macro-dai-activation-diag-20260818/initrd.sha256	9d35f5e22c67b57e2ce6e7b0397fbd673cf406b7c01a1ca20a46ef9240bed5ac
file	164813	/home/geoca/Documents/SP11-PROJECT/02-kernel/candidates/v31-vi-macro-dai-activation-diag-20260818/snd-soc-lpass-wsa-macro.vi-dai-activation.ko.zst	9aff30505b17d4c1e4d608c3953b2f53271e7cc0e34931f4e1785ce6635e6963
file	713145	/home/geoca/Documents/SP11-PROJECT/02-kernel/candidates/v31-vi-macro-dai-activation-diag-20260818/snd-soc-lpass-wsa-macro.vi-dai-activation.signed.ko	1bf6bcfa3f4a795583f64cdf712222641705bc17d262df1bd84d414926e8bfd2
file	712424	/home/geoca/Documents/SP11-PROJECT/02-kernel/candidates/v31-vi-macro-dai-activation-diag-20260818/snd-soc-lpass-wsa-macro.vi-dai-activation.unsigned.ko	919c3135633c09d5c85676fc5c8c19066a671ebf01fdef63de3f9549eaef8787
file	147615790	/home/geoca/Documents/SP11-PROJECT/02-kernel/candidates/v31-wsa-dp14-shadow-20260820/initrd.img-7.1.5-sp11-render-parity-v4+-dp14-shadow	76f415cf7536e1c9c84e8bf02194ec11986c01fc012785d674ae8de79cd6f418
file	147617310	/home/geoca/Documents/SP11-PROJECT/02-kernel/candidates/v31-wsa-dp14-shadow-20260820/initrd.img-7.1.5-sp11-render-parity-v4+-dp14-tap2forced	d29204cbc64f2f0121b47f69d9fa5fa6d39b517d21904a1afa7652de3a8f6a1f
file	147617321	/home/geoca/Documents/SP11-PROJECT/02-kernel/candidates/v31-wsa-dp14-shadow-20260820/initrd.img-7.1.5-sp11-render-parity-v4+-dp14-tap3forced	701254901059c79d6f7e587f76915f54f00b96fb8e1419e0ba70f10e030ffb68
file	203	/home/geoca/Documents/SP11-PROJECT/02-kernel/candidates/v31-wsa-dp14-shadow-20260820/initrd.sha256	10637ef17b3f4bdddc5ceb379ef032a27bbd62348fe918cf990332df8ec37cd5
dir	208464997	/home/geoca/Documents/SP11-PROJECT/02-kernel/candidates/v31-wsa-dp14-shadow-20260820/initrd-tree	-
file	147141998	/home/geoca/Documents/SP11-PROJECT/02-kernel/candidates/v31-wsa-host-clk-div2-20260819/initrd.img-7.1.5-sp11-render-parity-v4+-wsa-host-clk-div2	83588e012c88fef254e578e07e237b67018aa599b826d0273e294316d57457f1
file	361	/home/geoca/Documents/SP11-PROJECT/02-kernel/candidates/v31-wsa-host-clk-div2-20260819/initrd.sha256	837f79fbabccad0eb9f0f801842d3197953decf8f02100162923a99ba593afe5
dir	208314177	/home/geoca/Documents/SP11-PROJECT/02-kernel/candidates/v31-wsa-host-clk-div2-20260819/initrd-tree	-
file	685033	/home/geoca/Documents/SP11-PROJECT/02-kernel/candidates/v31-wsa-host-clk-div2-20260819/repacked-snd-soc-wsa884x.ko	1111252676cf1a972a8f155b60c36915e73208eff7c854b5e7b1f3f0d8dec37d
dir	208314069	/home/geoca/Documents/SP11-PROJECT/02-kernel/candidates/v31-wsa-host-clk-div2-20260819/verify-base	-
dir	208314177	/home/geoca/Documents/SP11-PROJECT/02-kernel/candidates/v31-wsa-host-clk-div2-20260819/verify-new	-
file	147307361	/home/geoca/Documents/SP11-PROJECT/02-kernel/candidates/v31-wsa-hostclk-plus-pcm105c-20260819/initrd.img-7.1.5-sp11-render-parity-v4+-hostclk-pcm105c	1703c66b1f631bdc80f60e27f24d851dcdc898dc4e92edfffa1e689575b7e4b5
dir	208465085	/home/geoca/Documents/SP11-PROJECT/02-kernel/candidates/v31-wsa-hostclk-plus-pcm105c-20260819/initrd-tree	-
dir	207874433	/home/geoca/Documents/SP11-PROJECT/02-kernel/candidates/v31-wsa-protclk-machine-oracle-20260820/extract	-
file	16577	/home/geoca/Documents/SP11-PROJECT/02-kernel/candidates/v31-wsa-protclk-machine-oracle-20260820/golden-machine.ko	f8f0a6aec413a79f9a39a356ed747ec36adae583596c930bc0ac3f5537833a01
dir	207874433	/home/geoca/Documents/SP11-PROJECT/02-kernel/candidates/v31-wsa-protclk-machine-oracle-20260820/initrd-extract	-
file	158275076	/home/geoca/Documents/SP11-PROJECT/02-kernel/candidates/v31-wsa-protclk-machine-oracle-20260820/initrd.img-7.1.5-sp11-render-parity-v4+-wsa-protclk-machine-oracle	c856feab2295ec71981b3bacef01594332d1fa990eb2206a3e348646779cc7e1
file	455824	/home/geoca/Documents/SP11-PROJECT/02-kernel/candidates/v31-wsa-protclk-machine-oracle-20260820/snd-soc-x1e80100.ko	3e18ad9c0ff645ca98382757e2d74fb71ca186f0f51406beb36f654fc47f841b
dir	208024730	/home/geoca/Documents/SP11-PROJECT/02-kernel/candidates/v31-wsa-protclk-offset2-combo-20260820/extract	-
dir	208024748	/home/geoca/Documents/SP11-PROJECT/02-kernel/candidates/v31-wsa-protclk-offset2-combo-20260820/extract-v2	-
file	5109	/home/geoca/Documents/SP11-PROJECT/02-kernel/candidates/v31-wsa-protclk-offset2-combo-20260820/golden-snd-soc-x1e80100.ko.zst	e85159e8c1a6514c99f37364219211c296db6a84e4594cfb22179148c6538bd7
file	17478	/home/geoca/Documents/SP11-PROJECT/02-kernel/candidates/v31-wsa-protclk-offset2-combo-20260820/golden-soundwire-qcom.ko.zst	e45bd0b2fd3acac8b041310ff0bc0b7618e1e617676b5df24a3b6ae59feabca3
file	158427612	/home/geoca/Documents/SP11-PROJECT/02-kernel/candidates/v31-wsa-protclk-offset2-combo-20260820/initrd.img-7.1.5-sp11-render-parity-v4+-wsa-protclk-offset2	10518be5c641b6c32b53eb709fee56021fc0aaea22414f6d9c1d3a3855ba6fb3
file	158423291	/home/geoca/Documents/SP11-PROJECT/02-kernel/candidates/v31-wsa-protclk-offset2-combo-20260820/initrd.img-7.1.5-sp11-render-parity-v4+-wsa-protclk-offset2-v2	a85b7bd2ae7ac32a31025311b35dce99d4f61f858020be9d1a032ea922f9243b
file	119822	/home/geoca/Documents/SP11-PROJECT/02-kernel/candidates/v31-wsa-protclk-offset2-combo-20260820/snd-soc-x1e80100.ko.zst	be8441f4e6939e64f123002194650fcac4a9f02a96e48b70d23397497640f256
file	167818	/home/geoca/Documents/SP11-PROJECT/02-kernel/candidates/v31-wsa-protclk-offset2-combo-20260820/soundwire-qcom.ko.zst	024945a4dd8309d5a4c6cb841cfbbd34c083b8f7468c097bf9646a48434db7eb
file	675064	/home/geoca/Documents/SP11-PROJECT/02-kernel/candidates/v31-wsa-protclk-offset2-cpswake-20260820/soundwire-qcom.ko	4afd54688c3c0b3b778888e20d8ce13d1f575b9f1f3820480c1a1bcfd3338ae0
dir	207756767	/home/geoca/Documents/SP11-PROJECT/02-kernel/candidates/v31-wsa-protclk-oracle-20260820/initrd-extract	-
file	158158064	/home/geoca/Documents/SP11-PROJECT/02-kernel/candidates/v31-wsa-protclk-oracle-20260820/initrd.img-7.1.5-sp11-render-parity-v4+-wsa-protclk-oracle	9d11b63595b02ef101f61e9f80896e6861811c610324bec76697f3d95cced8a9
file	703584	/home/geoca/Documents/SP11-PROJECT/02-kernel/candidates/v31-wsa-protclk-oracle-20260820/snd-soc-lpass-wsa-macro.ko	c4330f90292fa090897f7026e6b7a313c006f149e8caadb163dab7a404d50941
file	146580277	/home/geoca/Documents/SP11-PROJECT/02-kernel/candidates/v31-wsa-protclk-postpa-20260820/initrd.img-7.1.5-sp11-render-parity-v4+-wsa-protclk-postpa	7726838b41b2e38ed8a07fabce0fabb198863adbc202c6d9315d30750d8ed68c
file	146594816	/home/geoca/Documents/SP11-PROJECT/02-kernel/candidates/v31-wsa-protclk-postpa-20260820/initrd.img-7.1.5-sp11-render-parity-v4+-wsa-protclk-postpa-v2	b4f1077068cf70b3002b9d1bea2881518fa1964c7967aeb7b1ea61b10d454ba4
file	717833	/home/geoca/Documents/SP11-PROJECT/02-kernel/candidates/v31-wsa-protclk-postpa-20260820/snd-soc-lpass-wsa-macro.ko	0189d1c7386755b52b71d80d906ee21b5de99522a14fcd98dbf0212ee43bb7b1
file	685873	/home/geoca/Documents/SP11-PROJECT/02-kernel/candidates/v31-wsa-protclk-postpa-20260820/snd-soc-wsa884x.ko	3b8b3e590edbf56623e7e02bf1f74bcb9ed52f1eca83352a7e876f75e77171c4
dir	196348306	/home/geoca/Documents/SP11-PROJECT/02-kernel/candidates/v31-wsa-protclk-postpa-offset2-20260820/cpswake-fwselect-verify	-
dir	109635509	/home/geoca/Documents/SP11-PROJECT/02-kernel/candidates/v31-wsa-protclk-postpa-offset2-20260820/fwselect-tree	-
dir	196348306	/home/geoca/Documents/SP11-PROJECT/02-kernel/candidates/v31-wsa-protclk-postpa-offset2-20260820/fwselect-unmk	-
dir	196347157	/home/geoca/Documents/SP11-PROJECT/02-kernel/candidates/v31-wsa-protclk-postpa-offset2-20260820/fwselect-verify	-
file	146745880	/home/geoca/Documents/SP11-PROJECT/02-kernel/candidates/v31-wsa-protclk-postpa-offset2-20260820/initrd.img-7.1.5-sp11-render-parity-v4+-postpa-offset2	38dae65519e2fdefa0b8d98c8e27486188b8d0f8dcf3cef222003e9911d2beb8
file	135177701	/home/geoca/Documents/SP11-PROJECT/02-kernel/candidates/v31-wsa-protclk-postpa-offset2-20260820/initrd.img-7.1.5-sp11-render-parity-v4+-postpa-offset2-cpswake-fwselect.zst	032039447d07d6dd7aa8f2ed84a1ff5e4a01639dda378034f08b40c0de9f5b52
file	135176926	/home/geoca/Documents/SP11-PROJECT/02-kernel/candidates/v31-wsa-protclk-postpa-offset2-20260820/initrd.img-7.1.5-sp11-render-parity-v4+-postpa-offset2-fwselect.zst	48596294e385b5dd2a60f2cdcbd7437b9cc809662aac47ae4c37f023d6b6903c
file	671985	/home/geoca/Documents/SP11-PROJECT/02-kernel/candidates/v31-wsa-protclk-postpa-offset2-20260820/soundwire-qcom.ko	eb5667350bee962dcc0dccf61805fc131f965c8ec293dccadf070225a0588152
file	671792	/home/geoca/Documents/SP11-PROJECT/02-kernel/candidates/v5-provenance-audit-20260816/snd-soc-wsa884x.v5-fresh.ko	3a76597b38fd9346e6a274d4e3c6a2fa00f8ebf015234e2d40896e2b96804f0b
file	326648	/home/geoca/Documents/SP11-PROJECT/02-kernel/candidates/wsa-core-tx-2x-mclk-runtime-probe-20260820/sp11_wsa2x_vote.ko	4e8419d243fdd06ca41cffe1d542a4da6033a0c7770a042a3331cde9f41f2060
file	704753	/home/geoca/Documents/SP11-PROJECT/02-kernel/candidates/wsa-producer-vendorbits-v1/snd-soc-lpass-wsa-macro.ko	c3e2802842cc036e785b26e1cde5ecbe135343ef51a2b6e31651445962fb5cf2
file	162541	/home/geoca/Documents/SP11-PROJECT/02-kernel/candidates/wsa-producer-vendorbits-v1/snd-soc-lpass-wsa-macro.ko.zst	c5dc9362ee738abb4b14a8f4aa2c858f5d373c2afb75a2dc6ddea24b396280ae
